threshold,accuracy,precision,recall,f1
0.2,0.5777479892761395,0.5621468926553672,0.9875930521091811,0.7164716471647165
0.20500000000000002,0.579088471849866,0.562942008486563,0.9875930521091811,0.7171171171171171
0.21000000000000002,0.5804289544235925,0.5637393767705382,0.9875930521091811,0.7177637511271415
0.21500000000000002,0.5804289544235925,0.5637393767705382,0.9875930521091811,0.7177637511271415
0.22000000000000003,0.5844504021447721,0.5663338088445078,0.9851116625310173,0.7192028985507246
0.22500000000000003,0.5844504021447721,0.5663338088445078,0.9851116625310173,0.7192028985507246
0.23000000000000004,0.5831099195710456,0.5657142857142857,0.9826302729528535,0.7180417044424298
0.23500000000000004,0.5857908847184986,0.5673352435530086,0.9826302729528535,0.7193460490463215
0.24000000000000005,0.5884718498659517,0.5689655172413793,0.9826302729528535,0.7206551410373067
0.24500000000000005,0.5884718498659517,0.5689655172413793,0.9826302729528535,0.7206551410373067
0.25000000000000006,0.5871313672922251,0.5683453237410072,0.9801488833746899,0.7194899817850637
0.25500000000000006,0.5924932975871313,0.5718432510885341,0.9776674937965261,0.7216117216117216
0.26000000000000006,0.5924932975871313,0.5718432510885341,0.9776674937965261,0.7216117216117216
0.26500000000000007,0.5924932975871313,0.5720524017467249,0.9751861042183623,0.7211009174311926
0.2700000000000001,0.5911528150134048,0.5714285714285714,0.9727047146401985,0.7199265381083563
0.2750000000000001,0.5924932975871313,0.5722627737226277,0.9727047146401985,0.7205882352941176
0.2800000000000001,0.5924932975871313,0.5722627737226277,0.9727047146401985,0.7205882352941176
0.2850000000000001,0.5938337801608579,0.5730994152046783,0.9727047146401985,0.7212511499540019
0.2900000000000001,0.5951742627345844,0.5739385065885798,0.9727047146401985,0.7219152854511971
0.2950000000000001,0.5978552278820375,0.5756240822320118,0.9727047146401985,0.7232472324723247
0.3000000000000001,0.599195710455764,0.5764705882352941,0.9727047146401985,0.7239150507848569
0.3050000000000001,0.6032171581769437,0.5790251107828656,0.9727047146401985,0.725925925925926
0.3100000000000001,0.6045576407506702,0.5798816568047337,0.9727047146401985,0.726598702502317
0.3150000000000001,0.6045576407506702,0.5798816568047337,0.9727047146401985,0.726598702502317
0.3200000000000001,0.6099195710455764,0.5833333333333334,0.9727047146401985,0.7293023255813953
0.3250000000000001,0.6085790884718498,0.5827123695976155,0.9702233250620348,0.7281191806331471
0.3300000000000001,0.6085790884718498,0.5827123695976155,0.9702233250620348,0.7281191806331471
0.33500000000000013,0.6126005361930295,0.5853293413173652,0.9702233250620348,0.7301587301587301
0.34000000000000014,0.6152815013404825,0.5870870870870871,0.9702233250620348,0.7315247895229187
0.34500000000000014,0.6179624664879356,0.588855421686747,0.9702233250620348,0.7328959700093721
0.35000000000000014,0.6152815013404825,0.5876132930513596,0.9652605459057072,0.7305164319248826
0.35500000000000015,0.6193029490616622,0.590288315629742,0.9652605459057072,0.7325800376647834
0.36000000000000015,0.6179624664879356,0.5899390243902439,0.9602977667493796,0.7308781869688386
0.36500000000000016,0.6152815013404825,0.5886850152905199,0.9553349875930521,0.7284768211920529
0.37000000000000016,0.6166219839142091,0.5901386748844376,0.9503722084367245,0.7281368821292775
0.37500000000000017,0.6166219839142091,0.5904173106646059,0.9478908188585607,0.7276190476190476
0.38000000000000017,0.6166219839142091,0.5904173106646059,0.9478908188585607,0.7276190476190476
0.3850000000000002,0.6166219839142091,0.5904173106646059,0.9478908188585607,0.7276190476190476
0.3900000000000002,0.6152815013404825,0.5900621118012422,0.9429280397022333,0.725883476599809
0.3950000000000002,0.6166219839142091,0.5915492957746479,0.9379652605459057,0.72552783109405
0.4000000000000002,0.6193029490616622,0.5937007874015748,0.9354838709677419,0.7263969171483622
0.4050000000000002,0.6193029490616622,0.5937007874015748,0.9354838709677419,0.7263969171483622
0.4100000000000002,0.6193029490616622,0.5937007874015748,0.9354838709677419,0.7263969171483622
0.4150000000000002,0.6179624664879356,0.5942492012779552,0.9230769230769231,0.7230320699708455
0.4200000000000002,0.6193029490616622,0.5952,0.9230769230769231,0.7237354085603113
0.4250000000000002,0.6193029490616622,0.5952,0.9230769230769231,0.7237354085603113
0.4300000000000002,0.6166219839142091,0.593900481540931,0.9181141439205955,0.7212475633528265
0.4350000000000002,0.6166219839142091,0.593900481540931,0.9181141439205955,0.7212475633528265
0.4400000000000002,0.6193029490616622,0.5961227786752827,0.9156327543424317,0.7221135029354208
0.44500000000000023,0.6166219839142091,0.5951219512195122,0.9081885856079405,0.7190569744597249
0.45000000000000023,0.6179624664879356,0.5960912052117264,0.9081885856079405,0.7197640117994101
0.45500000000000024,0.6206434316353887,0.5986842105263158,0.9032258064516129,0.7200791295746786
0.46000000000000024,0.6193029490616622,0.5983471074380166,0.8982630272952854,0.7182539682539683
0.46500000000000025,0.6193029490616622,0.5990016638935108,0.8933002481389578,0.7171314741035857
0.47000000000000025,0.6193029490616622,0.5990016638935108,0.8933002481389578,0.7171314741035857
0.47500000000000026,0.6206434316353887,0.6006711409395973,0.8883374689826302,0.7167167167167167
0.48000000000000026,0.6206434316353887,0.6006711409395973,0.8883374689826302,0.7167167167167167
0.48500000000000026,0.6233243967828418,0.6026936026936027,0.8883374689826302,0.7181544633901705
0.49000000000000027,0.6233243967828418,0.6030405405405406,0.8858560794044665,0.7175879396984924
0.4950000000000003,0.6233243967828418,0.6033898305084746,0.8833746898263027,0.7170191339375629
0.5000000000000002,0.6260053619302949,0.60580204778157,0.8808933002481389,0.717896865520728
0.5050000000000003,0.628686327077748,0.6082474226804123,0.8784119106699751,0.7187817258883249
0.5100000000000002,0.6273458445040214,0.608318890814558,0.8709677419354839,0.7163265306122449
0.5150000000000003,0.6327077747989276,0.612565445026178,0.8709677419354839,0.7192622950819673
0.5200000000000002,0.6367292225201072,0.6174377224199288,0.8610421836228288,0.7191709844559585
0.5250000000000004,0.6380697050938338,0.6189624329159212,0.858560794044665,0.7193347193347194
0.5300000000000002,0.6394101876675603,0.6205035971223022,0.8560794044665012,0.7194994786235662
0.5350000000000004,0.6434316353887399,0.6238698010849909,0.8560794044665012,0.7217573221757322
0.5400000000000003,0.6434316353887399,0.6256880733944954,0.8461538461538461,0.7194092827004219
0.5450000000000004,0.6434316353887399,0.6266173752310537,0.8411910669975186,0.7182203389830508
0.5500000000000003,0.6434316353887399,0.6290018832391714,0.8287841191066998,0.715203426124197
0.5550000000000004,0.6407506702412868,0.6295585412667947,0.8138957816377171,0.70995670995671
0.5600000000000003,0.6407506702412868,0.630057803468208,0.8114143920595533,0.7093275488069414
0.5650000000000004,0.6420911528150134,0.6317829457364341,0.8089330024813896,0.7094668117519043
0.5700000000000003,0.6394101876675603,0.630859375,0.8014888337468983,0.7060109289617487
0.5750000000000004,0.6420911528150134,0.6338582677165354,0.7990074441687345,0.7069154774972558
0.5800000000000003,0.6394101876675603,0.6324110671936759,0.794044665012407,0.7040704070407041
0.5850000000000004,0.6380697050938338,0.6316831683168317,0.7915632754342432,0.7026431718061674
0.5900000000000003,0.6380697050938338,0.6327345309381237,0.7866004962779156,0.7013274336283186
0.5950000000000004,0.6380697050938338,0.6332665330661322,0.7841191066997518,0.7006651884700665
0.6000000000000003,0.6394101876675603,0.6350806451612904,0.7816377171215881,0.7007786429365962
0.6050000000000004,0.6367292225201072,0.6352459016393442,0.7692307692307693,0.6958473625140292
0.6100000000000003,0.6340482573726541,0.6337448559670782,0.7642679900744417,0.6929133858267716
0.6150000000000004,0.6353887399463807,0.6356107660455487,0.7617866004962779,0.6930022573363431
0.6200000000000003,0.6340482573726541,0.6359832635983264,0.7543424317617866,0.6901248581157775
0.6250000000000004,0.6273458445040214,0.6344086021505376,0.7320099255583127,0.6797235023041475
0.6300000000000003,0.6260053619302949,0.6341991341991342,0.7270471464019851,0.6774566473988439
0.6350000000000005,0.6233243967828418,0.6337719298245614,0.71712158808933,0.6728754365541327
0.6400000000000003,0.6193029490616622,0.6319290465631929,0.707196029776675,0.667447306791569
0.6450000000000005,0.6219839142091153,0.6353467561521253,0.7047146401985112,0.668235294117647
0.6500000000000004,0.6193029490616622,0.6355353075170843,0.6923076923076923,0.66270783847981
0.6550000000000005,0.6193029490616622,0.6374133949191686,0.684863523573201,0.6602870813397129
0.6600000000000004,0.6166219839142091,0.6370023419203747,0.674937965260546,0.655421686746988
0.6650000000000005,0.613941018766756,0.6378896882494005,0.6600496277915633,0.6487804878048781
0.6700000000000004,0.6085790884718498,0.635036496350365,0.6476426799007444,0.6412776412776413
0.6750000000000005,0.6099195710455764,0.6386138613861386,0.6401985111662531,0.6394052044609665
0.6800000000000004,0.6018766756032171,0.6338383838383839,0.6228287841191067,0.6282853566958698
0.6850000000000005,0.5978552278820375,0.6317135549872123,0.6129032258064516,0.6221662468513854
0.6900000000000004,0.5978552278820375,0.6351706036745407,0.6004962779156328,0.6173469387755102
0.6950000000000005,0.5978552278820375,0.6395663956639567,0.5856079404466501,0.6113989637305699
0.7000000000000004,0.596514745308311,0.6408839779005525,0.575682382133995,0.6065359477124183
0.7050000000000005,0.5924932975871313,0.6394366197183099,0.5632754342431762,0.5989445910290238
0.7100000000000004,0.5884718498659517,0.6379310344827587,0.5508684863523573,0.5912117177097204
0.7150000000000005,0.5844504021447721,0.6363636363636364,0.5384615384615384,0.5833333333333334
0.7200000000000004,0.579088471849866,0.6336336336336337,0.5235732009925558,0.5733695652173914
0.7250000000000005,0.5710455764075067,0.6276923076923077,0.5062034739454094,0.5604395604395604
0.7300000000000004,0.5697050938337802,0.632258064516129,0.48635235732009924,0.5497896213183731
0.7350000000000005,0.5630026809651475,0.6287625418060201,0.4665012406947891,0.5356125356125356
0.7400000000000004,0.5670241286863271,0.6360544217687075,0.4640198511166253,0.5365853658536586
0.7450000000000006,0.5670241286863271,0.6388888888888888,0.456575682382134,0.532561505065123
0.7500000000000004,0.561662198391421,0.6386861313868614,0.43424317617866004,0.51698670605613
0.7550000000000006,0.5603217158176944,0.6425855513307985,0.41935483870967744,0.5075075075075075
0.7600000000000005,0.5522788203753352,0.6374501992031872,0.3970223325062035,0.4892966360856269
0.7650000000000006,0.5482573726541555,0.6352459016393442,0.38461538461538464,0.47913446676970634
0.7700000000000005,0.5415549597855228,0.630901287553648,0.36476426799007444,0.46226415094339623
0.7750000000000006,0.5415549597855228,0.6331877729257642,0.3598014888337469,0.4588607594936709
0.7800000000000005,0.5388739946380697,0.6384976525821596,0.337468982630273,0.44155844155844154
0.7850000000000006,0.5361930294906166,0.6390243902439025,0.3250620347394541,0.4309210526315789
0.7900000000000005,0.5268096514745308,0.6302083333333334,0.3002481389578164,0.40672268907563025
0.7950000000000006,0.5227882037533512,0.6256684491978609,0.2903225806451613,0.39661016949152544
0.8000000000000005,0.5160857908847185,0.6166666666666667,0.27543424317617865,0.38078902229845624
0.8050000000000006,0.517426273458445,0.6242774566473989,0.2679900744416873,0.375
0.8100000000000005,0.5160857908847185,0.625,0.26054590570719605,0.36777583187390545
